id,name,phone_number,email
1,Ali Perez,+380750685966,aliperez@gmail.com
2,Siti Taylor,+380680986387,sittaylor@gmail.com
3,Sandra Lopez,+380722998919,sanlopez@gmail.com
4,Charles Thompson,+380698185092,chathompson@gmail.com
5,Muhammad Martin,+380771912255,muhmartin@gmail.com
6,Elena Brown,+380867427811,elebrown@gmail.com
7,Patricia Johnson,+380935613011,patjohnson@gmail.com
8,Pedro Johnson,+380723003547,pedjohnson@gmail.com
9,Hui Lopez,+380827063200,huilopez@gmail.com
10,Sergey Taylor,+380661507255,sertaylor@gmail.com
11,Antonio Miller,+380707475583,antmiller@gmail.com
12,Hong Jones,+380927809522,honjones@gmail.com
13,Li Clark,+380975978464,liclark@gmail.com
14,Richard Davis,+380955461656,ricdavis@gmail.com
15,Fatima Johnson,+380857424628,fatjohnson@gmail.com
16,Robert Rodriguez,+380752052444,robrodriguez@gmail.com
17,Wei Clark,+380683904873,weiclark@gmail.com
18,Hui Smith,+380791585881,huismith@gmail.com
19,Samuel Smith,+380971096682,samsmith@gmail.com
20,Robert Lee,+380640624293,roblee@gmail.com
21,Richard Smith,+380749495852,ricsmith@gmail.com
22,Elizabeth Smith,+380726508735,elismith@gmail.com
23,Hui Gonzalez,+380728233685,huigonzalez@gmail.com
24,Maria Hernandez,+380880153847,marhernandez@gmail.com
25,Yan Sanchez,+380846926303,yansanchez@gmail.com
26,Patricia Martin,+380693294545,patmartin@gmail.com
27,Maria Anderson,+380952270331,maranderson@gmail.com
28,Robert Johnson,+380850226186,robjohnson@gmail.com
29,Mohamed Perez,+380831131412,mohperez@gmail.com
30,Nushi Martin,+380944625307,nusmartin@gmail.com
31,Ling Rodriguez,+380977389912,linrodriguez@gmail.com
32,Charles Martin,+380683157347,chamartin@gmail.com
33,Patricia White,+380830656461,patwhite@gmail.com
34,Mohammed Jackson,+380890179471,mohjackson@gmail.com
35,Muhammad Anderson,+380957361319,muhanderson@gmail.com
36,Emmanuel Martinez,+380680948234,emmmartinez@gmail.com
37,Carlos Taylor,+380882386900,cartaylor@gmail.com
38,Hong Lee,+380986775409,honlee@gmail.com
39,Paul Thomas,+380738707943,pauthomas@gmail.com
40,Mohammad Harris,+380770733479,mohharris@gmail.com
41,Miguel Martinez,+380866503475,migmartinez@gmail.com
42,Anna Williams,+380923955995,annwilliams@gmail.com
43,Francisco Johnson,+380851226996,frajohnson@gmail.com
44,Xin Thompson,+380737596442,xinthompson@gmail.com
45,Jorge Hernandez,+380786175814,jorhernandez@gmail.com
46,Jean Sanchez,+380917447212,jeasanchez@gmail.com
47,Jean Smith,+380791077380,jeasmith@gmail.com
48,Ali Miller,+380759624316,alimiller@gmail.com
49,Ying Martinez,+380740584696,yinmartinez@gmail.com
50,Nushi Hernandez,+380679663472,nushernandez@gmail.com
51,James Sanchez,+380914566395,jamsanchez@gmail.com
52,Patricia Williams,+380692222783,patwilliams@gmail.com
53,Francisco Clark,+380850807603,fraclark@gmail.com
54,Paul Williams,+380657467339,pauwilliams@gmail.com
55,Mohammad Jackson,+380845507768,mohjackson@gmail.com
56,Mohammad Clark,+380760580638,mohclark@gmail.com
57,Paul Gonzalez,+380752306722,paugonzalez@gmail.com
58,Anna Williams,+380933326198,annwilliams@gmail.com
59,Paul Davis,+380827235573,paudavis@gmail.com
60,Mohamed Hernandez,+380955713241,mohhernandez@gmail.com
61,Wei White,+380662623830,weiwhite@gmail.com
62,Siti Johnson,+380661079140,sitjohnson@gmail.com
63,Ahmed Lopez,+380652837684,ahmlopez@gmail.com
64,Mohammed Lopez,+380855181089,mohlopez@gmail.com
65,Ibrahim Perez,+380774145449,ibrperez@gmail.com
66,Aleksandr Taylor,+380728550122,aletaylor@gmail.com
67,Jean Sanchez,+380970246147,jeasanchez@gmail.com
68,David Perez,+380696697134,davperez@gmail.com
69,Ahmed Jackson,+380646774543,ahmjackson@gmail.com
70,Ana Williams,+380764739200,anawilliams@gmail.com
71,Pedro Martin,+380925765749,pedmartin@gmail.com
72,Siti Sanchez,+380995829773,sitsanchez@gmail.com
73,Ali Lopez,+380738053903,alilopez@gmail.com
74,Daniel Jackson,+380894490908,danjackson@gmail.com
75,John Perez,+380754890704,johperez@gmail.com
76,Elizabeth Harris,+380880353300,eliharris@gmail.com
77,Daniel Wilson,+380774523180,danwilson@gmail.com
78,Mohamed Martinez,+380833510502,mohmartinez@gmail.com
79,Daniel Martinez,+380767712715,danmartinez@gmail.com
80,Ana Smith,+380751453079,anasmith@gmail.com
81,Aleksandr Moore,+380855708760,alemoore@gmail.com
82,Hui White,+380934856671,huiwhite@gmail.com
83,Sergey Martin,+380689346413,sermartin@gmail.com
84,Anita Wilson,+380961957758,aniwilson@gmail.com
85,John Thompson,+380855621745,johthompson@gmail.com
86,Antonio White,+380900700679,antwhite@gmail.com
87,Ying Johnson,+380705598536,yinjohnson@gmail.com
88,Anna Jackson,+380947930116,annjackson@gmail.com
89,Yan Anderson,+380858315674,yananderson@gmail.com
90,James Thompson,+380970736610,jamthompson@gmail.com
91,Aleksandr Harris,+380959105117,aleharris@gmail.com
92,Jose Miller,+380993463823,josmiller@gmail.com
93,Manuel Thomas,+380690735216,manthomas@gmail.com
94,Michael Sanchez,+380730260789,micsanchez@gmail.com
95,Francisco White,+380834788595,frawhite@gmail.com
96,Miguel Clark,+380786563080,migclark@gmail.com
97,James Sanchez,+380940163106,jamsanchez@gmail.com
98,Yan Thomas,+380998861389,yanthomas@gmail.com
99,Juan Brown,+380721652197,juabrown@gmail.com
100,Hui Rodriguez,+380902911018,huirodriguez@gmail.com
101,Sri Thomas,+380884585603,srithomas@gmail.com
102,Paul Garcia,+380640237538,paugarcia@gmail.com
103,Ibrahim Williams,+380644585219,ibrwilliams@gmail.com
104,Anna Hernandez,+380785323950,annhernandez@gmail.com
105,Fatima Wilson,+380894533860,fatwilson@gmail.com
106,Marie Brown,+380758409842,marbrown@gmail.com
107,Yong Gonzalez,+380888635026,yongonzalez@gmail.com
108,Marie Jones,+380762569595,marjones@gmail.com
109,Thomas Hernandez,+380907887651,thohernandez@gmail.com
110,Luis Smith,+380921214824,luismith@gmail.com
111,Michael Brown,+380924952003,micbrown@gmail.com
112,Min Anderson,+380683330363,minanderson@gmail.com
113,Elizabeth Jackson,+380925799735,elijackson@gmail.com
114,Luis Lee,+380999567373,luilee@gmail.com
115,Luis Clark,+380751713380,luiclark@gmail.com
116,Miguel Jones,+380674978059,migjones@gmail.com
117,Aleksandr Wilson,+380994303152,alewilson@gmail.com
118,Luis Brown,+380858374157,luibrown@gmail.com
119,David White,+380838503053,davwhite@gmail.com
120,Pedro Jones,+380999259296,pedjones@gmail.com
121,Min Lee,+380750916618,minlee@gmail.com
122,Ana Taylor,+380957692415,anataylor@gmail.com
123,Joseph Rodriguez,+380664871957,josrodriguez@gmail.com
124,Jean Miller,+380756178369,jeamiller@gmail.com
125,Sri Miller,+380926234275,srimiller@gmail.com
126,James Gonzalez,+380733539783,jamgonzalez@gmail.com
127,Yu Perez,+380832513394,yuperez@gmail.com
128,Yan Hernandez,+380676303183,yanhernandez@gmail.com
129,Peter Clark,+380677445599,petclark@gmail.com
130,Paul Gonzalez,+380644137853,paugonzalez@gmail.com
131,Yan Jackson,+380833815210,yanjackson@gmail.com
132,Mohammed Taylor,+380765902502,mohtaylor@gmail.com
133,Lin Lee,+380873952616,linlee@gmail.com
134,Wei Garcia,+380787342943,weigarcia@gmail.com
135,Min Lopez,+380896855708,minlopez@gmail.com
136,Ali Davis,+380785648590,alidavis@gmail.com
137,Bin White,+380945229993,binwhite@gmail.com
138,Elizabeth White,+380762921603,eliwhite@gmail.com
139,Miguel Thompson,+380785014242,migthompson@gmail.com
140,Hong Rodriguez,+380816983414,honrodriguez@gmail.com
141,Yong White,+380827741201,yonwhite@gmail.com
142,Peter Wilson,+380996040444,petwilson@gmail.com
143,Emmanuel Clark,+380766819942,emmclark@gmail.com
144,Sri Thompson,+380736916885,srithompson@gmail.com
145,Samuel Lee,+380917248781,samlee@gmail.com
146,Francisco Brown,+380660331705,frabrown@gmail.com
147,Abdul Taylor,+380642275237,abdtaylor@gmail.com
148,Mohamed Thomas,+380935433851,mohthomas@gmail.com
149,Siti Thompson,+380979466853,sitthompson@gmail.com
150,Francisco Williams,+380671209518,frawilliams@gmail.com
151,Manuel Johnson,+380720037026,manjohnson@gmail.com
152,Hui Lee,+380799679419,huilee@gmail.com
153,Ling Clark,+380953261023,linclark@gmail.com
154,Abdul Lee,+380847066789,abdlee@gmail.com
155,Olga Davis,+380670697959,olgdavis@gmail.com
156,Manuel Sanchez,+380841697986,mansanchez@gmail.com
157,Ping Jones,+380773632150,pinjones@gmail.com
158,Ahmed Williams,+380888378130,ahmwilliams@gmail.com
159,Juan Jones,+380869590094,juajones@gmail.com
160,Joseph Gonzalez,+380859847594,josgonzalez@gmail.com
161,Pedro Johnson,+380925740052,pedjohnson@gmail.com
162,Nushi Johnson,+380996844806,nusjohnson@gmail.com
163,Li White,+380872941033,liwhite@gmail.com
164,Jean Taylor,+380782780552,jeataylor@gmail.com
165,Ying Lee,+380993219007,yinlee@gmail.com
166,Paul Anderson,+380936220772,pauanderson@gmail.com
167,Ping Harris,+380882998228,pinharris@gmail.com
168,Lin Moore,+380676742270,linmoore@gmail.com
169,Ming Sanchez,+380896490404,minsanchez@gmail.com
170,Nushi Thomas,+380978243372,nusthomas@gmail.com
171,Mary Taylor,+380713082836,martaylor@gmail.com
172,Hassan Lee,+380714391431,haslee@gmail.com
173,Yu Brown,+380844426382,yubrown@gmail.com
174,Michael Jones,+380858539962,micjones@gmail.com
175,Paul Brown,+380959636230,paubrown@gmail.com
176,Sergey Martin,+380789765279,sermartin@gmail.com
177,Victor Garcia,+380938595386,vicgarcia@gmail.com
178,Rosa Lopez,+380879562854,roslopez@gmail.com
179,Thomas Moore,+380902699214,thomoore@gmail.com
180,Pedro Brown,+380718095842,pedbrown@gmail.com
181,Xin Hernandez,+380901042468,xinhernandez@gmail.com
182,Peter Harris,+380991527178,petharris@gmail.com
183,Rosa Thompson,+380891617045,rosthompson@gmail.com
184,Li Rodriguez,+380996482900,lirodriguez@gmail.com
185,Manuel Davis,+380706931084,mandavis@gmail.com
186,Daniel Thompson,+380977485556,danthompson@gmail.com
187,Hong Martinez,+380682407337,honmartinez@gmail.com
188,Maria Gonzalez,+380823675032,margonzalez@gmail.com
189,James Harris,+380969938649,jamharris@gmail.com
190,Peter Thompson,+380680888117,petthompson@gmail.com
191,Muhammad Johnson,+380720209284,muhjohnson@gmail.com
192,Aleksandr Thompson,+380801522310,alethompson@gmail.com
193,Mohamed Lopez,+380792887593,mohlopez@gmail.com
194,Mohammad Sanchez,+380734293381,mohsanchez@gmail.com
195,Ming Wilson,+380762492723,minwilson@gmail.com
196,Elizabeth Smith,+380688103989,elismith@gmail.com
197,Francisco Thomas,+380739050138,frathomas@gmail.com
198,Wei Harris,+380765349208,weiharris@gmail.com
199,Antonio Thompson,+380778241261,antthompson@gmail.com
200,Ahmed Smith,+380765414600,ahmsmith@gmail.com
201,Wei Davis,+380896081090,weidavis@gmail.com
202,David Anderson,+380957223096,davanderson@gmail.com
203,Fatima Davis,+380911479265,fatdavis@gmail.com
204,Sri Williams,+380705979439,sriwilliams@gmail.com
205,Aleksandr Jackson,+380724408134,alejackson@gmail.com
206,Xin Lopez,+380684550501,xinlopez@gmail.com
207,Mohammad Martinez,+380961244237,mohmartinez@gmail.com
208,Paul Moore,+380800204718,paumoore@gmail.com
209,Lei Gonzalez,+380773014916,leigonzalez@gmail.com
210,Paul Thomas,+380687506800,pauthomas@gmail.com
211,Joseph Davis,+380753673259,josdavis@gmail.com
212,Mary Wilson,+380949834421,marwilson@gmail.com
213,Abdul Thompson,+380721913532,abdthompson@gmail.com
214,Ram Martinez,+380967033220,rammartinez@gmail.com
215,Elena Martin,+380834399099,elemartin@gmail.com
216,Nushi Jackson,+380765329489,nusjackson@gmail.com
217,Ram Jones,+380683424040,ramjones@gmail.com
218,Antonio Garcia,+380688813183,antgarcia@gmail.com
219,Victor Thomas,+380671544863,victhomas@gmail.com
220,Pedro Hernandez,+380995690239,pedhernandez@gmail.com
221,Thomas Sanchez,+380893705847,thosanchez@gmail.com
222,Manuel Anderson,+380972566373,mananderson@gmail.com
223,Peter Williams,+380649939861,petwilliams@gmail.com
224,Mohammad Anderson,+380785122610,mohanderson@gmail.com
225,Ali Brown,+380804368534,alibrown@gmail.com
226,Ahmed Thomas,+380682934025,ahmthomas@gmail.com
227,Robert Martinez,+380667998841,robmartinez@gmail.com
228,Marie Gonzalez,+380793058388,margonzalez@gmail.com
229,Hassan Thomas,+380802067666,hasthomas@gmail.com
230,Thomas Gonzalez,+380901583427,thogonzalez@gmail.com
231,Patricia Harris,+380659340576,patharris@gmail.com
232,Aleksandr Martin,+380998884852,alemartin@gmail.com
233,Xin Lopez,+380793140939,xinlopez@gmail.com
234,Manuel Garcia,+380652713588,mangarcia@gmail.com
235,Nushi Miller,+380699428842,nusmiller@gmail.com
236,Ali Miller,+380912010773,alimiller@gmail.com
237,Ling Rodriguez,+380973464112,linrodriguez@gmail.com
238,Yong Brown,+380943906686,yonbrown@gmail.com
239,Li Gonzalez,+380879945376,ligonzalez@gmail.com
240,Richard Martinez,+380875223253,ricmartinez@gmail.com
241,Ming Harris,+380783723932,minharris@gmail.com
242,Aleksandr Thomas,+380876459860,alethomas@gmail.com
243,Mohammed Anderson,+380841938531,mohanderson@gmail.com
244,Hong Wilson,+380687202974,honwilson@gmail.com
245,Peter Williams,+380722576996,petwilliams@gmail.com
246,Pedro Lee,+380933271297,pedlee@gmail.com
247,Elizabeth Martinez,+380943593010,elimartinez@gmail.com
248,Maria Miller,+380961899909,marmiller@gmail.com
249,Min Anderson,+380932049733,minanderson@gmail.com
250,Olga Gonzalez,+380966066218,olggonzalez@gmail.com
251,Elizabeth Davis,+380916003310,elidavis@gmail.com
252,Elizabeth Jackson,+380719632252,elijackson@gmail.com
253,Carlos Smith,+380871968947,carsmith@gmail.com
254,Ana Jones,+380668128611,anajones@gmail.com
255,Lei Clark,+380840214981,leiclark@gmail.com
256,Joseph Thomas,+380908998473,josthomas@gmail.com
257,Luis Jackson,+380819288213,luijackson@gmail.com
258,Ram Brown,+380668127066,rambrown@gmail.com
259,Hong Hernandez,+380794364847,honhernandez@gmail.com
260,James Clark,+380780673856,jamclark@gmail.com
261,Olga Hernandez,+380801995062,olghernandez@gmail.com
262,Li Thomas,+380853174447,lithomas@gmail.com
263,Richard Moore,+380929988060,ricmoore@gmail.com
264,Siti Wilson,+380738087767,sitwilson@gmail.com
265,Miguel Brown,+380722915458,migbrown@gmail.com
266,Ming Perez,+380957798144,minperez@gmail.com
267,Juan Gonzalez,+380926380693,juagonzalez@gmail.com
268,Luis Perez,+380746045327,luiperez@gmail.com
269,Sergey Davis,+380877361682,serdavis@gmail.com
270,William Brown,+380695367591,wilbrown@gmail.com
271,Luis Miller,+380846229302,luimiller@gmail.com
272,Manuel Brown,+380984213149,manbrown@gmail.com
273,Yan Williams,+380777307881,yanwilliams@gmail.com
274,Ling Wilson,+380894565778,linwilson@gmail.com
275,Victor Martin,+380961182797,vicmartin@gmail.com
276,Thomas Harris,+380884397143,thoharris@gmail.com
277,Michael White,+380744298765,micwhite@gmail.com
278,Xin Jackson,+380721711135,xinjackson@gmail.com
279,Francisco Johnson,+380961908430,frajohnson@gmail.com
280,Sandra Miller,+380818467318,sanmiller@gmail.com
281,Lei Lopez,+380868599312,leilopez@gmail.com
282,Emmanuel Sanchez,+380996881429,emmsanchez@gmail.com
283,Muhammad Sanchez,+380720429111,muhsanchez@gmail.com
284,Xin Garcia,+380792252871,xingarcia@gmail.com
285,Bin Wilson,+380871722400,binwilson@gmail.com
286,Marie Brown,+380814103118,marbrown@gmail.com
287,Charles Sanchez,+380906062212,chasanchez@gmail.com
288,Marie Davis,+380820082878,mardavis@gmail.com
289,Patricia Jones,+380748987372,patjones@gmail.com
290,Patricia Williams,+380942931977,patwilliams@gmail.com
291,Victor Smith,+380919624531,vicsmith@gmail.com
292,Fatima Williams,+380698730612,fatwilliams@gmail.com
293,Elizabeth Johnson,+380819990796,elijohnson@gmail.com
294,Anna Martinez,+380713598263,annmartinez@gmail.com
295,Wei Brown,+380882249586,weibrown@gmail.com
296,Paul Jackson,+380680961284,paujackson@gmail.com
297,Mohammad Martin,+380646861218,mohmartin@gmail.com
298,Anita Garcia,+380655099354,anigarcia@gmail.com
299,Muhammad Jackson,+380806673087,muhjackson@gmail.com
300,Siti Smith,+380970259567,sitsmith@gmail.com
301,Victor Rodriguez,+380906164510,vicrodriguez@gmail.com
302,Hong Garcia,+380695571303,hongarcia@gmail.com
303,Miguel Wilson,+380983282982,migwilson@gmail.com
304,Olga White,+380792280129,olgwhite@gmail.com
305,James Martin,+380761615408,jammartin@gmail.com
306,Yu Sanchez,+380927757287,yusanchez@gmail.com
307,Ram Garcia,+380913021238,ramgarcia@gmail.com
308,Yong Lee,+380694140711,yonlee@gmail.com
309,Ram Martinez,+380699177508,rammartinez@gmail.com
310,Manuel Lopez,+380911928334,manlopez@gmail.com
311,Sergey Thompson,+380769625527,serthompson@gmail.com
312,Yu Taylor,+380685408569,yutaylor@gmail.com
313,Mohamed Lee,+380784803153,mohlee@gmail.com
314,Li Jackson,+380926994720,lijackson@gmail.com
315,Mohammad Jones,+380965473139,mohjones@gmail.com
316,Ping Johnson,+380792123550,pinjohnson@gmail.com
317,Hong Jackson,+380855520890,honjackson@gmail.com
318,Mohamed Jackson,+380907835197,mohjackson@gmail.com
319,Victor Harris,+380995564309,vicharris@gmail.com
320,Emmanuel Hernandez,+380933365544,emmhernandez@gmail.com
321,Richard Brown,+380768693422,ricbrown@gmail.com
322,David Davis,+380682506292,davdavis@gmail.com
323,David Gonzalez,+380950132870,davgonzalez@gmail.com
324,Peter Hernandez,+380991094557,pethernandez@gmail.com
325,Francisco Gonzalez,+380957085194,fragonzalez@gmail.com
326,Rosa Brown,+380856328702,rosbrown@gmail.com
327,Anna Thomas,+380856900540,annthomas@gmail.com
328,Abdul Davis,+380938556290,abddavis@gmail.com
329,Paul Lee,+380823181030,paulee@gmail.com
330,Emmanuel Smith,+380883171509,emmsmith@gmail.com
331,Sri White,+380640733044,sriwhite@gmail.com
332,Maria Miller,+380884922146,marmiller@gmail.com
333,Mohammed Jackson,+380806443810,mohjackson@gmail.com
334,Richard Moore,+380936277815,ricmoore@gmail.com
335,Jorge Williams,+380973487433,jorwilliams@gmail.com
336,Hassan Thompson,+380641438227,hasthompson@gmail.com
337,Thomas Garcia,+380968304051,thogarcia@gmail.com
338,Ibrahim Brown,+380782316236,ibrbrown@gmail.com
339,Sergey Williams,+380808624029,serwilliams@gmail.com
340,Joseph Moore,+380829161097,josmoore@gmail.com
341,Bin Perez,+380824835795,binperez@gmail.com
342,Fatima Martinez,+380954084266,fatmartinez@gmail.com
343,Thomas Miller,+380992786212,thomiller@gmail.com
344,Ana Moore,+380850017721,anamoore@gmail.com
345,Emmanuel Gonzalez,+380884394562,emmgonzalez@gmail.com
346,Anna Moore,+380728316456,annmoore@gmail.com
347,Xin Lopez,+380807493314,xinlopez@gmail.com
348,Sri Jackson,+380935113921,srijackson@gmail.com
349,Carlos Taylor,+380864064343,cartaylor@gmail.com
350,Marie Garcia,+380941591505,margarcia@gmail.com
351,Elizabeth Taylor,+380818565924,elitaylor@gmail.com
352,Ana Smith,+380911241836,anasmith@gmail.com
353,Paul Lopez,+380727742009,paulopez@gmail.com
354,Min Perez,+380929734053,minperez@gmail.com
355,William Anderson,+380929603783,wilanderson@gmail.com
356,William Davis,+380919835910,wildavis@gmail.com
357,Mohamed Williams,+380666961181,mohwilliams@gmail.com
358,Victor Williams,+380878416133,vicwilliams@gmail.com
359,Thomas Jackson,+380678562081,thojackson@gmail.com
360,Fatima Garcia,+380831120641,fatgarcia@gmail.com
361,Thomas Taylor,+380922732231,thotaylor@gmail.com
362,Min Williams,+380727629128,minwilliams@gmail.com
363,Yu Gonzalez,+380666276291,yugonzalez@gmail.com
364,Yan Moore,+380763888788,yanmoore@gmail.com
365,Mohamed Williams,+380926378803,mohwilliams@gmail.com
366,Muhammad Harris,+380653258943,muhharris@gmail.com
367,Mohammad Sanchez,+380804462556,mohsanchez@gmail.com
368,Hassan Johnson,+380757091006,hasjohnson@gmail.com
369,Maria Williams,+380850192578,marwilliams@gmail.com
370,Patricia White,+380678167187,patwhite@gmail.com
371,William Anderson,+380695596463,wilanderson@gmail.com
372,Pedro Wilson,+380691002033,pedwilson@gmail.com
373,Jorge Gonzalez,+380839924968,jorgonzalez@gmail.com
374,Bin Williams,+380823253380,binwilliams@gmail.com
375,Elena Lopez,+380657344199,elelopez@gmail.com
376,Ping Wilson,+380967494868,pinwilson@gmail.com
377,Thomas Gonzalez,+380795445001,thogonzalez@gmail.com
378,Antonio Rodriguez,+380893388533,antrodriguez@gmail.com
379,Lin Davis,+380914008499,lindavis@gmail.com
380,Victor Perez,+380956182090,vicperez@gmail.com
381,Ali Clark,+380648616548,aliclark@gmail.com
382,Ahmed Jones,+380822411142,ahmjones@gmail.com
383,Xin Williams,+380746948117,xinwilliams@gmail.com
384,Sandra White,+380755805437,sanwhite@gmail.com
385,Elena Martin,+380887600053,elemartin@gmail.com
386,Hassan Martinez,+380787085816,hasmartinez@gmail.com
387,Thomas Jones,+380890915607,thojones@gmail.com
388,Elizabeth Miller,+380798818532,elimiller@gmail.com
389,Jean Martinez,+380954926093,jeamartinez@gmail.com
390,Wei Thompson,+380842421405,weithompson@gmail.com
391,Ping Garcia,+380751017961,pingarcia@gmail.com
392,Jean Sanchez,+380694191352,jeasanchez@gmail.com
393,Fatima Hernandez,+380979172720,fathernandez@gmail.com
394,Jean Wilson,+380942048423,jeawilson@gmail.com
395,Mohammed Rodriguez,+380681087554,mohrodriguez@gmail.com
396,Peter Clark,+380813854103,petclark@gmail.com
397,Charles Lee,+380957420374,chalee@gmail.com
398,Miguel Martinez,+380768048641,migmartinez@gmail.com
399,Mohammad White,+380924696623,mohwhite@gmail.com
400,Abdul Rodriguez,+380822523015,abdrodriguez@gmail.com
401,Carlos Miller,+380794460727,carmiller@gmail.com
402,Ling Jones,+380760603645,linjones@gmail.com
403,Anita Wilson,+380807897317,aniwilson@gmail.com
404,Manuel Martin,+380960197722,manmartin@gmail.com
405,Elena White,+380659583305,elewhite@gmail.com
406,Antonio Jackson,+380833386920,antjackson@gmail.com
407,Juan Perez,+380738493607,juaperez@gmail.com
408,Joseph Jones,+380792365385,josjones@gmail.com
409,Sergey Thomas,+380877270682,serthomas@gmail.com
410,Xin Lopez,+380794485259,xinlopez@gmail.com
411,Siti Jones,+380849988806,sitjones@gmail.com
412,Rosa Martin,+380985749934,rosmartin@gmail.com
413,Jean Gonzalez,+380944561615,jeagonzalez@gmail.com
414,Charles Martinez,+380744401639,chamartinez@gmail.com
415,Mohamed Johnson,+380939610004,mohjohnson@gmail.com
416,Anita Garcia,+380646201137,anigarcia@gmail.com
417,Richard Williams,+380955078655,ricwilliams@gmail.com
418,Manuel Hernandez,+380760283758,manhernandez@gmail.com
419,Peter Martinez,+380929691405,petmartinez@gmail.com
420,Manuel Martinez,+380714449311,manmartinez@gmail.com
421,William Martin,+380879852489,wilmartin@gmail.com
422,Elena Jones,+380735635787,elejones@gmail.com
423,Anita Moore,+380816780209,animoore@gmail.com
424,Pedro Williams,+380971379219,pedwilliams@gmail.com
425,Aleksandr Sanchez,+380973786526,alesanchez@gmail.com
426,Rosa Hernandez,+380984091448,roshernandez@gmail.com
427,Jose Davis,+380937108075,josdavis@gmail.com
428,Ying Jackson,+380739449951,yinjackson@gmail.com
429,Jose Thompson,+380968527609,josthompson@gmail.com
430,Lin Johnson,+380999856548,linjohnson@gmail.com
431,Anna Garcia,+380667377204,anngarcia@gmail.com
432,Yong Brown,+380855647152,yonbrown@gmail.com
433,Francisco Anderson,+380932188041,fraanderson@gmail.com
434,Jose Sanchez,+380710146880,jossanchez@gmail.com
435,Francisco White,+380805586218,frawhite@gmail.com
436,Mohammad Lee,+380951844453,mohlee@gmail.com
437,Samuel Davis,+380722775455,samdavis@gmail.com
438,Elena Moore,+380864026709,elemoore@gmail.com
439,Ping Sanchez,+380687367845,pinsanchez@gmail.com
440,Nushi Garcia,+380675117945,nusgarcia@gmail.com
441,Ahmed Thomas,+380900224470,ahmthomas@gmail.com
442,Min Jackson,+380794719141,minjackson@gmail.com
443,Fatima Anderson,+380752229148,fatanderson@gmail.com
444,Victor Thompson,+380901226501,victhompson@gmail.com
445,Daniel Anderson,+380898942929,dananderson@gmail.com
446,Carlos Perez,+380764982199,carperez@gmail.com
447,Sandra White,+380664177050,sanwhite@gmail.com
448,Muhammad Clark,+380752512285,muhclark@gmail.com
449,Anita Thompson,+380721790063,anithompson@gmail.com
450,Hong Wilson,+380837958380,honwilson@gmail.com
451,Charles Lopez,+380728179452,chalopez@gmail.com
452,Aleksandr Jones,+380871831420,alejones@gmail.com
453,Xin Wilson,+380749388653,xinwilson@gmail.com
454,Ying Jones,+380980019911,yinjones@gmail.com
455,Victor Gonzalez,+380811437917,vicgonzalez@gmail.com
456,Jose Martin,+380952092046,josmartin@gmail.com
457,Paul Brown,+380833449765,paubrown@gmail.com
458,Yu Thomas,+380705463549,yuthomas@gmail.com
459,Juan Jones,+380761207303,juajones@gmail.com
460,Elena Sanchez,+380674704046,elesanchez@gmail.com
461,Fatima Wilson,+380971070471,fatwilson@gmail.com
462,John Clark,+380876170569,johclark@gmail.com
463,Ram Moore,+380697948691,rammoore@gmail.com
464,Li Lopez,+380808075572,lilopez@gmail.com
465,Ana Johnson,+380659972321,anajohnson@gmail.com
466,Li Williams,+380879579472,liwilliams@gmail.com
467,Li Davis,+380797452415,lidavis@gmail.com
468,Olga Miller,+380815059129,olgmiller@gmail.com
469,Michael Perez,+380821340232,micperez@gmail.com
470,William Hernandez,+380965538782,wilhernandez@gmail.com
471,Elena Garcia,+380673484316,elegarcia@gmail.com
472,Ping Brown,+380658465691,pinbrown@gmail.com
473,Yan Lopez,+380847218493,yanlopez@gmail.com
474,Pedro Gonzalez,+380949332459,pedgonzalez@gmail.com
475,Mohammad Lee,+380732628487,mohlee@gmail.com
476,Sri Taylor,+380745078106,sritaylor@gmail.com
477,Peter Martinez,+380798510822,petmartinez@gmail.com
478,Ana Jones,+380922984567,anajones@gmail.com
479,Francisco Lopez,+380829811296,fralopez@gmail.com
480,Lin Thompson,+380937896148,linthompson@gmail.com
481,James White,+380811980157,jamwhite@gmail.com
482,Ahmed Martinez,+380940800596,ahmmartinez@gmail.com
483,Mary Jones,+380994007996,marjones@gmail.com
484,Min Lee,+380799833260,minlee@gmail.com
485,John Lee,+380938993393,johlee@gmail.com
486,Juan Jackson,+380802698005,juajackson@gmail.com
487,Charles Williams,+380740399283,chawilliams@gmail.com
488,Pedro Johnson,+380909998139,pedjohnson@gmail.com
489,Anna Harris,+380866320535,annharris@gmail.com
490,Mohammed Garcia,+380724569621,mohgarcia@gmail.com
491,Wei Rodriguez,+380973085303,weirodriguez@gmail.com
492,William Garcia,+380706870334,wilgarcia@gmail.com
493,Patricia White,+380990447853,patwhite@gmail.com
494,Anita Harris,+380886306617,aniharris@gmail.com
495,Wei Moore,+380724838148,weimoore@gmail.com
496,Anita Wilson,+380716521372,aniwilson@gmail.com
497,Nushi Thompson,+380669154394,nusthompson@gmail.com
498,Peter Perez,+380927522027,petperez@gmail.com
499,Rosa Jones,+380728801799,rosjones@gmail.com
500,Thomas Hernandez,+380685668325,thohernandez@gmail.com
501,Mary Jackson,+380870698432,marjackson@gmail.com
502,Elena Hernandez,+380705642429,elehernandez@gmail.com
503,Antonio Perez,+380771052796,antperez@gmail.com
504,Samuel Smith,+380789009120,samsmith@gmail.com
505,Ram Thompson,+380969599246,ramthompson@gmail.com
506,Maria Garcia,+380973237415,margarcia@gmail.com
507,Yan Gonzalez,+380770498151,yangonzalez@gmail.com
508,Richard Clark,+380659054097,ricclark@gmail.com
509,William Taylor,+380933170498,wiltaylor@gmail.com
510,Richard Davis,+380999807336,ricdavis@gmail.com
511,Yu Gonzalez,+380803507557,yugonzalez@gmail.com
512,Thomas Gonzalez,+380869818057,thogonzalez@gmail.com
513,Olga Thompson,+380886298992,olgthompson@gmail.com
514,Mary Harris,+380953763211,marharris@gmail.com
515,James Garcia,+380871838742,jamgarcia@gmail.com
516,Sergey Davis,+380895706209,serdavis@gmail.com
517,James Perez,+380807212118,jamperez@gmail.com
518,Richard Lee,+380790750119,riclee@gmail.com
519,Mohammed Hernandez,+380904703418,mohhernandez@gmail.com
520,Marie Jones,+380806320064,marjones@gmail.com
521,Lin Jackson,+380922573465,linjackson@gmail.com
522,Juan Brown,+380705324332,juabrown@gmail.com
523,Pedro Moore,+380812719636,pedmoore@gmail.com
524,Robert Moore,+380775848255,robmoore@gmail.com
525,Muhammad Lopez,+380658639155,muhlopez@gmail.com
526,Manuel Garcia,+380988626680,mangarcia@gmail.com
527,Samuel Rodriguez,+380824671401,samrodriguez@gmail.com
528,Pedro Garcia,+380662963172,pedgarcia@gmail.com
529,Sergey Taylor,+380682570625,sertaylor@gmail.com
530,Juan Lee,+380744761274,jualee@gmail.com
531,Jorge Rodriguez,+380969068102,jorrodriguez@gmail.com
532,Ram Smith,+380764797922,ramsmith@gmail.com
533,Li Thompson,+380748258367,lithompson@gmail.com
534,Jose Harris,+380850765476,josharris@gmail.com
535,Anita Miller,+380948544227,animiller@gmail.com
536,Juan Garcia,+380852800177,juagarcia@gmail.com
537,Mary Thomas,+380963941710,marthomas@gmail.com
538,Ying Brown,+380947246137,yinbrown@gmail.com
539,Ling Rodriguez,+380834627750,linrodriguez@gmail.com
540,Anita Gonzalez,+380970912868,anigonzalez@gmail.com
541,Elena Johnson,+380990783411,elejohnson@gmail.com
542,Ibrahim Smith,+380906627322,ibrsmith@gmail.com
543,Emmanuel Thompson,+380778141501,emmthompson@gmail.com
544,Xin Lee,+380974769172,xinlee@gmail.com
545,Daniel Clark,+380907813798,danclark@gmail.com
546,Hassan Thomas,+380668868133,hasthomas@gmail.com
547,Jean Wilson,+380732052655,jeawilson@gmail.com
548,Yan Miller,+380946868020,yanmiller@gmail.com
549,Richard Lee,+380715739884,riclee@gmail.com
550,Michael Williams,+380983471346,micwilliams@gmail.com
551,Ping Anderson,+380701703976,pinanderson@gmail.com
552,Olga Jones,+380885537345,olgjones@gmail.com
553,Sergey Wilson,+380947441939,serwilson@gmail.com
554,John Rodriguez,+380682456209,johrodriguez@gmail.com
555,Joseph Thomas,+380757013920,josthomas@gmail.com
556,Lin Williams,+380917696662,linwilliams@gmail.com
557,Thomas Brown,+380705549600,thobrown@gmail.com
558,Lin Miller,+380723142148,linmiller@gmail.com
559,Bin Jones,+380885345167,binjones@gmail.com
560,Jorge Miller,+380851118221,jormiller@gmail.com
561,Daniel Lopez,+380912696979,danlopez@gmail.com
562,Yu Rodriguez,+380747080849,yurodriguez@gmail.com
563,Hui White,+380857660567,huiwhite@gmail.com
564,Yu Harris,+380932534126,yuharris@gmail.com
565,Pedro Harris,+380736088454,pedharris@gmail.com
566,Anita Thompson,+380775378487,anithompson@gmail.com
567,Jose Davis,+380791086944,josdavis@gmail.com
568,Joseph Taylor,+380698022090,jostaylor@gmail.com
569,Jorge Harris,+380948973335,jorharris@gmail.com
570,John Lee,+380899525274,johlee@gmail.com
571,David Lopez,+380785238578,davlopez@gmail.com
572,Elena Harris,+380914449900,eleharris@gmail.com
573,Ibrahim Perez,+380879857125,ibrperez@gmail.com
574,Hui Smith,+380741054499,huismith@gmail.com
575,Antonio Gonzalez,+380780544247,antgonzalez@gmail.com
576,Mohamed Garcia,+380830999566,mohgarcia@gmail.com
577,Lin White,+380652272346,linwhite@gmail.com
578,Paul Jackson,+380854911141,paujackson@gmail.com
579,Elena Hernandez,+380697486537,elehernandez@gmail.com
580,Li Williams,+380803686207,liwilliams@gmail.com
581,Thomas Jones,+380950508867,thojones@gmail.com
582,Joseph Rodriguez,+380690049831,josrodriguez@gmail.com
583,Anna Taylor,+380748684040,anntaylor@gmail.com
584,Mary Thomas,+380975596223,marthomas@gmail.com
585,Hong Harris,+380939213955,honharris@gmail.com
586,Aleksandr Rodriguez,+380946169737,alerodriguez@gmail.com
587,Juan Lee,+380835540543,jualee@gmail.com
588,Ana Miller,+380949290900,anamiller@gmail.com
589,Ali Thompson,+380983516946,alithompson@gmail.com
590,Muhammad Lopez,+380941838337,muhlopez@gmail.com
591,Yan Williams,+380795662478,yanwilliams@gmail.com
592,Robert Taylor,+380737156347,robtaylor@gmail.com
593,Ming Williams,+380809666942,minwilliams@gmail.com
594,Mohamed Jones,+380851358081,mohjones@gmail.com
595,Mohammed Hernandez,+380905862975,mohhernandez@gmail.com
596,Yan White,+380649555561,yanwhite@gmail.com
597,Mohamed Harris,+380768114506,mohharris@gmail.com
598,Manuel Gonzalez,+380907252639,mangonzalez@gmail.com
599,Richard White,+380901860962,ricwhite@gmail.com
600,Antonio Harris,+380742164313,antharris@gmail.com
601,Richard Rodriguez,+380703459987,ricrodriguez@gmail.com
602,Ram Thomas,+380732065160,ramthomas@gmail.com
603,Peter Wilson,+380667665498,petwilson@gmail.com
604,Sri Brown,+380940550264,sribrown@gmail.com
605,Li Williams,+380964277315,liwilliams@gmail.com
606,Joseph Taylor,+380725282684,jostaylor@gmail.com
607,Ram Wilson,+380979398005,ramwilson@gmail.com
608,Michael Lee,+380727474180,miclee@gmail.com
609,Richard Smith,+380833504142,ricsmith@gmail.com
610,Sandra Harris,+380903290708,sanharris@gmail.com
611,Min Lee,+380912596235,minlee@gmail.com
612,Abdul White,+380739162764,abdwhite@gmail.com
613,Hong Rodriguez,+380709772927,honrodriguez@gmail.com
614,Daniel Thomas,+380651301826,danthomas@gmail.com
615,Miguel Perez,+380651512679,migperez@gmail.com
616,Daniel Moore,+380701691707,danmoore@gmail.com
617,Thomas Jackson,+380740653119,thojackson@gmail.com
618,Hui Thompson,+380760963243,huithompson@gmail.com
619,Miguel Taylor,+380975184717,migtaylor@gmail.com
620,Yu Harris,+380881877664,yuharris@gmail.com
621,Mohamed Moore,+380910302552,mohmoore@gmail.com
622,Peter Anderson,+380912349166,petanderson@gmail.com
623,Ali Jones,+380763101768,alijones@gmail.com
624,Ling Moore,+380878378808,linmoore@gmail.com
625,Aleksandr Smith,+380931291641,alesmith@gmail.com
626,Jose Gonzalez,+380759971528,josgonzalez@gmail.com
627,Nushi Hernandez,+380762349707,nushernandez@gmail.com
628,Min Jones,+380969711571,minjones@gmail.com
629,Hassan Gonzalez,+380942553104,hasgonzalez@gmail.com
630,Yu Brown,+380875647147,yubrown@gmail.com
631,Thomas Sanchez,+380838717823,thosanchez@gmail.com
632,Anna Jones,+380910002332,annjones@gmail.com
633,Lin Lee,+380797640667,linlee@gmail.com
634,Thomas Jones,+380730711704,thojones@gmail.com
635,Richard Brown,+380921209691,ricbrown@gmail.com
636,Jorge Moore,+380936518054,jormoore@gmail.com
637,Antonio Sanchez,+380648846101,antsanchez@gmail.com
638,Pedro Rodriguez,+380758578772,pedrodriguez@gmail.com
639,John Wilson,+380669943752,johwilson@gmail.com
640,Hong Miller,+380986246022,honmiller@gmail.com
641,James Smith,+380812212723,jamsmith@gmail.com
642,Mohammed Clark,+380750548672,mohclark@gmail.com
643,Pedro Thomas,+380805532866,pedthomas@gmail.com
644,Li Anderson,+380732640880,lianderson@gmail.com
645,Ibrahim Lee,+380929717975,ibrlee@gmail.com
646,Ahmed Clark,+380703669121,ahmclark@gmail.com
647,Muhammad Williams,+380887782629,muhwilliams@gmail.com
648,Samuel Thomas,+380760475189,samthomas@gmail.com
649,Lin Moore,+380915707512,linmoore@gmail.com
650,Nushi Wilson,+380959502005,nuswilson@gmail.com
651,Anita Lee,+380816486228,anilee@gmail.com
652,Ram Thompson,+380930920690,ramthompson@gmail.com
653,Hui Rodriguez,+380669668548,huirodriguez@gmail.com
654,Bin Thompson,+380775775728,binthompson@gmail.com
655,Peter Williams,+380932673459,petwilliams@gmail.com
656,Ling Harris,+380853858265,linharris@gmail.com
657,Anna White,+380690943911,annwhite@gmail.com
658,Ibrahim Martinez,+380904013110,ibrmartinez@gmail.com
659,Mohammed Martinez,+380690720127,mohmartinez@gmail.com
660,Yong Thompson,+380650432314,yonthompson@gmail.com
661,Li Miller,+380986194701,limiller@gmail.com
662,Emmanuel Brown,+380850739901,emmbrown@gmail.com
663,Ping Jackson,+380680868891,pinjackson@gmail.com
664,Pedro Johnson,+380892382765,pedjohnson@gmail.com
665,Carlos Lopez,+380671261987,carlopez@gmail.com
666,Anita Davis,+380662530239,anidavis@gmail.com
667,Hassan Rodriguez,+380801354866,hasrodriguez@gmail.com
668,Jean Anderson,+380646480942,jeaanderson@gmail.com
669,Juan Lopez,+380993027873,jualopez@gmail.com
670,Olga Brown,+380905493628,olgbrown@gmail.com
671,Lin Thompson,+380811409510,linthompson@gmail.com
672,Anna Jackson,+380698429259,annjackson@gmail.com
673,Hassan Davis,+380830973809,hasdavis@gmail.com
674,Mohammed Sanchez,+380773378867,mohsanchez@gmail.com
675,Maria Thompson,+380656501520,marthompson@gmail.com
676,Xin Lee,+380944086038,xinlee@gmail.com
677,Carlos Rodriguez,+380777628451,carrodriguez@gmail.com
678,Hong Martinez,+380665698578,honmartinez@gmail.com
679,Anita Lee,+380994625641,anilee@gmail.com
680,Manuel Miller,+380853292071,manmiller@gmail.com
681,Michael Hernandez,+380979911235,michernandez@gmail.com
682,Maria Perez,+380742420141,marperez@gmail.com
683,Ying Johnson,+380672046772,yinjohnson@gmail.com
684,Hong Jackson,+380940174384,honjackson@gmail.com
685,Xin Gonzalez,+380801070713,xingonzalez@gmail.com
686,Carlos Taylor,+380692882978,cartaylor@gmail.com
687,Francisco Garcia,+380696748859,fragarcia@gmail.com
688,Samuel Moore,+380648952912,sammoore@gmail.com
689,Carlos Smith,+380902787335,carsmith@gmail.com
690,Peter Harris,+380709875622,petharris@gmail.com
691,Juan Sanchez,+380695260834,juasanchez@gmail.com
692,Miguel Thompson,+380907990071,migthompson@gmail.com
693,Ling Wilson,+380915144737,linwilson@gmail.com
694,Richard Brown,+380957438832,ricbrown@gmail.com
695,Aleksandr Smith,+380912251183,alesmith@gmail.com
696,James Lee,+380914780157,jamlee@gmail.com
697,Hassan Taylor,+380715682598,hastaylor@gmail.com
698,Lei Jones,+380920497575,leijones@gmail.com
699,Lin Perez,+380653010594,linperez@gmail.com
700,Lin Wilson,+380719584078,linwilson@gmail.com
701,Charles Miller,+380994155361,chamiller@gmail.com
702,Abdul White,+380991645225,abdwhite@gmail.com
703,Yu Perez,+380789656476,yuperez@gmail.com
704,Miguel Davis,+380726708749,migdavis@gmail.com
705,Pedro Moore,+380877693711,pedmoore@gmail.com
706,Anna Miller,+380992423298,annmiller@gmail.com
707,Paul Lopez,+380700511019,paulopez@gmail.com
708,Samuel Brown,+380720397193,sambrown@gmail.com
709,Charles Jackson,+380651687114,chajackson@gmail.com
710,Patricia Perez,+380701493726,patperez@gmail.com
711,Manuel Jones,+380717865959,manjones@gmail.com
712,Jorge Clark,+380816372338,jorclark@gmail.com
713,Aleksandr Lee,+380921972315,alelee@gmail.com
714,Mohamed Brown,+380847026393,mohbrown@gmail.com
715,Rosa Anderson,+380811293765,rosanderson@gmail.com
716,Siti Anderson,+380999895941,sitanderson@gmail.com
717,Francisco Miller,+380916678595,framiller@gmail.com
718,Daniel Moore,+380882658408,danmoore@gmail.com
719,Hong Lee,+380716377681,honlee@gmail.com
720,Abdul Jackson,+380664621476,abdjackson@gmail.com
721,Siti Garcia,+380920848018,sitgarcia@gmail.com
722,Ali Jones,+380876380855,alijones@gmail.com
723,Ying Johnson,+380971527546,yinjohnson@gmail.com
724,Fatima Sanchez,+380647593949,fatsanchez@gmail.com
725,Nushi Clark,+380676284705,nusclark@gmail.com
726,Sergey Jones,+380915759982,serjones@gmail.com
727,David Taylor,+380733539025,davtaylor@gmail.com
728,Paul Jones,+380876037306,paujones@gmail.com
729,Antonio Hernandez,+380756503977,anthernandez@gmail.com
730,Juan Brown,+380740457289,juabrown@gmail.com
731,Bin Johnson,+380909808277,binjohnson@gmail.com
732,Abdul Moore,+380927723310,abdmoore@gmail.com
733,Jean Hernandez,+380969918317,jeahernandez@gmail.com
734,Jorge Johnson,+380714213467,jorjohnson@gmail.com
735,Hassan Johnson,+380996260483,hasjohnson@gmail.com
736,Jean Hernandez,+380652511327,jeahernandez@gmail.com
737,Elizabeth Brown,+380949202680,elibrown@gmail.com
738,Abdul Smith,+380913980615,abdsmith@gmail.com
739,Wei Davis,+380669565669,weidavis@gmail.com
740,Siti Johnson,+380653421732,sitjohnson@gmail.com
741,Sri Clark,+380928801198,sriclark@gmail.com
742,Richard Garcia,+380854159929,ricgarcia@gmail.com
743,Rosa Thompson,+380979138868,rosthompson@gmail.com
744,Abdul Gonzalez,+380823993833,abdgonzalez@gmail.com
745,Peter Smith,+380940236647,petsmith@gmail.com
746,Ping Davis,+380978322604,pindavis@gmail.com
747,Maria Harris,+380984674020,marharris@gmail.com
748,Francisco Williams,+380946658697,frawilliams@gmail.com
749,Luis Johnson,+380689999520,luijohnson@gmail.com
750,Michael Thomas,+380709627514,micthomas@gmail.com
751,David Harris,+380661414023,davharris@gmail.com
752,Sergey Thompson,+380792970854,serthompson@gmail.com
753,Yong White,+380933571255,yonwhite@gmail.com
754,Lin Jones,+380813949652,linjones@gmail.com
755,Luis Garcia,+380873751646,luigarcia@gmail.com
756,Ram Miller,+380942634434,rammiller@gmail.com
757,Miguel Rodriguez,+380902715758,migrodriguez@gmail.com
758,Wei Davis,+380994126483,weidavis@gmail.com
759,Bin Thompson,+380792687855,binthompson@gmail.com
760,Patricia Moore,+380708211779,patmoore@gmail.com
761,Pedro White,+380825992479,pedwhite@gmail.com
762,Aleksandr White,+380998223342,alewhite@gmail.com
763,Hong Miller,+380762919011,honmiller@gmail.com
764,Hassan Lee,+380910182040,haslee@gmail.com
765,Jose Moore,+380778298721,josmoore@gmail.com
766,Peter Lopez,+380875619996,petlopez@gmail.com
767,Juan Smith,+380824266964,juasmith@gmail.com
768,Victor Jackson,+380950040542,vicjackson@gmail.com
769,Nushi Williams,+380751582747,nuswilliams@gmail.com
770,Samuel Perez,+380656613021,samperez@gmail.com
771,Ram Smith,+380775090794,ramsmith@gmail.com
772,Joseph Davis,+380876788430,josdavis@gmail.com
773,Siti Clark,+380907030171,sitclark@gmail.com
774,Olga Miller,+380687596158,olgmiller@gmail.com
775,Aleksandr Garcia,+380870596307,alegarcia@gmail.com
776,Olga Brown,+380899827897,olgbrown@gmail.com
777,Pedro Clark,+380906190395,pedclark@gmail.com
778,Ming Thompson,+380811611626,minthompson@gmail.com
779,Anna Smith,+380696975296,annsmith@gmail.com
780,Min Perez,+380901663119,minperez@gmail.com
781,Michael White,+380974598986,micwhite@gmail.com
782,Pedro Thomas,+380872130402,pedthomas@gmail.com
783,Jose Jackson,+380799032504,josjackson@gmail.com
784,Hong Clark,+380710590892,honclark@gmail.com
785,Mary Thomas,+380758534596,marthomas@gmail.com
786,Emmanuel Miller,+380868442791,emmmiller@gmail.com
787,Aleksandr Sanchez,+380715279199,alesanchez@gmail.com
788,Elizabeth Jackson,+380697246353,elijackson@gmail.com
789,Ibrahim Smith,+380775433846,ibrsmith@gmail.com
790,Robert Perez,+380643740927,robperez@gmail.com
791,Sri Rodriguez,+380927463686,srirodriguez@gmail.com
792,Maria Harris,+380739454575,marharris@gmail.com
793,Nushi Harris,+380954306823,nusharris@gmail.com
794,Abdul Moore,+380666715371,abdmoore@gmail.com
795,Sergey Wilson,+380842550837,serwilson@gmail.com
796,Abdul White,+380843375017,abdwhite@gmail.com
797,Mohammad Thomas,+380668029681,mohthomas@gmail.com
798,Mohammad Gonzalez,+380969545013,mohgonzalez@gmail.com
799,Elena Williams,+380910548793,elewilliams@gmail.com
800,Lin Harris,+380712626730,linharris@gmail.com
801,Maria Smith,+380842323959,marsmith@gmail.com
802,Carlos Miller,+380710919020,carmiller@gmail.com
803,Rosa Thompson,+380869048809,rosthompson@gmail.com
804,Muhammad Smith,+380938560828,muhsmith@gmail.com
805,James Rodriguez,+380961822701,jamrodriguez@gmail.com
806,Miguel Lee,+380751200951,miglee@gmail.com
807,Mohammed Brown,+380911004410,mohbrown@gmail.com
808,Ali Williams,+380798183845,aliwilliams@gmail.com
809,Ping White,+380944196621,pinwhite@gmail.com
810,Elena Smith,+380948633455,elesmith@gmail.com
811,Paul Harris,+380688362065,pauharris@gmail.com
812,Lin Jackson,+380871226291,linjackson@gmail.com
813,Joseph Thomas,+380644489054,josthomas@gmail.com
814,Rosa Thompson,+380786620662,rosthompson@gmail.com
815,Nushi Lopez,+380663893702,nuslopez@gmail.com
816,Wei Harris,+380852243111,weiharris@gmail.com
817,Ibrahim Brown,+380922497268,ibrbrown@gmail.com
818,Luis Rodriguez,+380677880286,luirodriguez@gmail.com
819,Hong Lopez,+380868316465,honlopez@gmail.com
820,Francisco Taylor,+380956378036,frataylor@gmail.com
821,Mohamed Jackson,+380665811205,mohjackson@gmail.com
822,Olga Smith,+380685423544,olgsmith@gmail.com
823,Elizabeth Hernandez,+380659473965,elihernandez@gmail.com
824,Antonio Martinez,+380771956462,antmartinez@gmail.com
825,Yan Lopez,+380945769110,yanlopez@gmail.com
826,Bin Hernandez,+380931151917,binhernandez@gmail.com
827,Aleksandr Smith,+380874209286,alesmith@gmail.com
828,Muhammad Anderson,+380959302333,muhanderson@gmail.com
829,Miguel Brown,+380983750491,migbrown@gmail.com
830,Sri Moore,+380800035174,srimoore@gmail.com
831,Carlos Martin,+380904298586,carmartin@gmail.com
832,Miguel Williams,+380734490286,migwilliams@gmail.com
833,Min Wilson,+380745559889,minwilson@gmail.com
834,Jorge Clark,+380664283361,jorclark@gmail.com
835,Ming Jackson,+380989252165,minjackson@gmail.com
836,Emmanuel Wilson,+380772952694,emmwilson@gmail.com
837,Mary Smith,+380858566223,marsmith@gmail.com
838,Carlos Johnson,+380670791957,carjohnson@gmail.com
839,William Sanchez,+380977392294,wilsanchez@gmail.com
840,Patricia Wilson,+380980899468,patwilson@gmail.com
841,Samuel Perez,+380849191318,samperez@gmail.com
842,Ying Davis,+380949235939,yindavis@gmail.com
843,Luis Lee,+380897817040,luilee@gmail.com
844,Rosa Thomas,+380669529843,rosthomas@gmail.com
845,Luis Lopez,+380646817966,luilopez@gmail.com
846,Jean Garcia,+380964435929,jeagarcia@gmail.com
847,Mohammed Moore,+380866828646,mohmoore@gmail.com
848,Ling Davis,+380962645010,lindavis@gmail.com
849,Richard Harris,+380754561041,richarris@gmail.com
850,Elizabeth Thompson,+380779020597,elithompson@gmail.com
851,Thomas Brown,+380764667327,thobrown@gmail.com
852,Daniel Harris,+380731041130,danharris@gmail.com
853,Victor Martinez,+380717177787,vicmartinez@gmail.com
854,Jean Davis,+380701498296,jeadavis@gmail.com
855,Francisco Perez,+380999044606,fraperez@gmail.com
856,James Davis,+380661148461,jamdavis@gmail.com
857,Hassan White,+380938890735,haswhite@gmail.com
858,Mohammad Martin,+380844123318,mohmartin@gmail.com
859,Patricia Jackson,+380989883697,patjackson@gmail.com
860,Carlos Davis,+380912987056,cardavis@gmail.com
861,Bin Thompson,+380722767924,binthompson@gmail.com
862,Ling Clark,+380805112736,linclark@gmail.com
863,Antonio Gonzalez,+380766937870,antgonzalez@gmail.com
864,Fatima White,+380764676739,fatwhite@gmail.com
865,Mohammad Smith,+380734676800,mohsmith@gmail.com
866,Mary Sanchez,+380769207425,marsanchez@gmail.com
867,Yong Martin,+380813586859,yonmartin@gmail.com
868,Sandra Williams,+380769246666,sanwilliams@gmail.com
869,Olga Lopez,+380866826426,olglopez@gmail.com
870,Hui Brown,+380958988126,huibrown@gmail.com
871,Xin Harris,+380933760291,xinharris@gmail.com
872,Ana Wilson,+380655821957,anawilson@gmail.com
873,Jorge Taylor,+380856552144,jortaylor@gmail.com
874,Charles Clark,+380758480914,chaclark@gmail.com
875,Michael Thompson,+380975452681,micthompson@gmail.com
876,Siti Thompson,+380875005737,sitthompson@gmail.com
877,Antonio Perez,+380839507139,antperez@gmail.com
878,Nushi Johnson,+380933904666,nusjohnson@gmail.com
879,Olga Thomas,+380652242257,olgthomas@gmail.com
880,Fatima White,+380692118903,fatwhite@gmail.com
881,Victor Gonzalez,+380671534801,vicgonzalez@gmail.com
882,Jean Wilson,+380661552537,jeawilson@gmail.com
883,Joseph Hernandez,+380968136553,joshernandez@gmail.com
884,Robert Davis,+380932086194,robdavis@gmail.com
885,Ali Taylor,+380807186362,alitaylor@gmail.com
886,Yong Brown,+380782156550,yonbrown@gmail.com
887,Jose Perez,+380689123612,josperez@gmail.com
888,Elena Lopez,+380661373906,elelopez@gmail.com
889,Manuel Clark,+380859793400,manclark@gmail.com
890,David Johnson,+380841268737,davjohnson@gmail.com
891,Daniel Jones,+380747600279,danjones@gmail.com
892,Carlos Hernandez,+380765708800,carhernandez@gmail.com
893,Yu White,+380994914410,yuwhite@gmail.com
894,Sandra Anderson,+380688637138,sananderson@gmail.com
895,Carlos Sanchez,+380671058527,carsanchez@gmail.com
896,Abdul Perez,+380989716240,abdperez@gmail.com
897,Jean Martinez,+380784347586,jeamartinez@gmail.com
898,Ying White,+380770932732,yinwhite@gmail.com
899,Paul Williams,+380806961490,pauwilliams@gmail.com
900,Lei White,+380974964368,leiwhite@gmail.com
901,James Moore,+380839586200,jammoore@gmail.com
902,Mohammed Martin,+380653284225,mohmartin@gmail.com
903,James Moore,+380721297581,jammoore@gmail.com
904,Li Martinez,+380930632869,limartinez@gmail.com
905,Ping Garcia,+380955666806,pingarcia@gmail.com
906,Siti Gonzalez,+380778611569,sitgonzalez@gmail.com
907,Jose Thompson,+380885205472,josthompson@gmail.com
908,Ling Brown,+380752311956,linbrown@gmail.com
909,Li Rodriguez,+380976572505,lirodriguez@gmail.com
910,William Miller,+380644439280,wilmiller@gmail.com
911,Peter Gonzalez,+380855543321,petgonzalez@gmail.com
912,Marie Wilson,+380734695734,marwilson@gmail.com
913,Marie Thomas,+380907707780,marthomas@gmail.com
914,Thomas Thompson,+380871698504,thothompson@gmail.com
915,Pedro Martinez,+380896331715,pedmartinez@gmail.com
916,Hui Miller,+380964869276,huimiller@gmail.com
917,Ahmed Lee,+380936060409,ahmlee@gmail.com
918,Aleksandr Anderson,+380872991375,aleanderson@gmail.com
919,Anita Gonzalez,+380677220377,anigonzalez@gmail.com
920,Thomas Perez,+380706471728,thoperez@gmail.com
921,Peter Moore,+380769057767,petmoore@gmail.com
922,Mary Thomas,+380692863597,marthomas@gmail.com
923,Hui Martin,+380984053718,huimartin@gmail.com
924,Peter Brown,+380973013178,petbrown@gmail.com
925,Ram Rodriguez,+380755706080,ramrodriguez@gmail.com
926,James Harris,+380920134243,jamharris@gmail.com
927,William Jones,+380731311732,wiljones@gmail.com
928,Anita Thomas,+380703616589,anithomas@gmail.com
929,Carlos Anderson,+380778718423,caranderson@gmail.com
930,Mohammad Lopez,+380902241654,mohlopez@gmail.com
931,Hassan Perez,+380660533318,hasperez@gmail.com
932,Ling Anderson,+380976394254,linanderson@gmail.com
933,Mohamed Lopez,+380766150475,mohlopez@gmail.com
934,Marie Miller,+380789704553,marmiller@gmail.com
935,Hong Sanchez,+380675968033,honsanchez@gmail.com
936,Jean Gonzalez,+380899746630,jeagonzalez@gmail.com
937,Yu Williams,+380746983135,yuwilliams@gmail.com
938,Ping Clark,+380730247722,pinclark@gmail.com
939,Mohammed Wilson,+380757956753,mohwilson@gmail.com
940,Robert Martin,+380820393775,robmartin@gmail.com
941,Xin Lee,+380959050199,xinlee@gmail.com
942,Samuel Johnson,+380982146700,samjohnson@gmail.com
943,Lei Lopez,+380646933680,leilopez@gmail.com
944,Carlos Williams,+380869140455,carwilliams@gmail.com
945,Antonio Garcia,+380808685324,antgarcia@gmail.com
946,Charles Johnson,+380877912980,chajohnson@gmail.com
947,Mohammed Clark,+380729721161,mohclark@gmail.com
948,Xin Thompson,+380823464884,xinthompson@gmail.com
949,Luis Perez,+380915876414,luiperez@gmail.com
950,Jorge Garcia,+380679465656,jorgarcia@gmail.com
951,Aleksandr Brown,+380825052110,alebrown@gmail.com
952,Michael Davis,+380738198542,micdavis@gmail.com
953,Pedro Moore,+380977432211,pedmoore@gmail.com
954,Maria Thompson,+380648567386,marthompson@gmail.com
955,David Hernandez,+380926523561,davhernandez@gmail.com
956,Muhammad White,+380894782997,muhwhite@gmail.com
957,Yan Miller,+380919768985,yanmiller@gmail.com
958,Elizabeth Martin,+380959884072,elimartin@gmail.com
959,Elizabeth Moore,+380968271750,elimoore@gmail.com
960,Peter Davis,+380746801826,petdavis@gmail.com
961,Daniel Thomas,+380705736029,danthomas@gmail.com
962,Jose Lopez,+380980968497,joslopez@gmail.com
963,Emmanuel Martinez,+380643583775,emmmartinez@gmail.com
964,Abdul Thompson,+380860887282,abdthompson@gmail.com
965,Pedro Moore,+380863349693,pedmoore@gmail.com
966,Siti Williams,+380893580992,sitwilliams@gmail.com
967,Antonio Perez,+380943863890,antperez@gmail.com
968,Wei Sanchez,+380828409561,weisanchez@gmail.com
969,Mohammed Lee,+380743092529,mohlee@gmail.com
970,Bin Rodriguez,+380801013584,binrodriguez@gmail.com
971,Wei White,+380934909294,weiwhite@gmail.com
972,Marie Garcia,+380734479518,margarcia@gmail.com
973,Anna Williams,+380987522303,annwilliams@gmail.com
974,Sergey Clark,+380884147059,serclark@gmail.com
975,Emmanuel Thomas,+380914013386,emmthomas@gmail.com
976,Mohamed Clark,+380821324361,mohclark@gmail.com
977,Joseph Wilson,+380746070833,joswilson@gmail.com
978,Charles Thompson,+380901790646,chathompson@gmail.com
979,Ming Gonzalez,+380936701561,mingonzalez@gmail.com
980,Juan Garcia,+380659692033,juagarcia@gmail.com
981,Sandra Sanchez,+380902637460,sansanchez@gmail.com
982,Manuel Lee,+380836668732,manlee@gmail.com
983,Juan Lopez,+380949008578,jualopez@gmail.com
984,Mohammad Martinez,+380801847500,mohmartinez@gmail.com
985,David Lee,+380688762645,davlee@gmail.com
986,Lei Lopez,+380960453421,leilopez@gmail.com
987,William Johnson,+380879884073,wiljohnson@gmail.com
988,Ram Taylor,+380741921022,ramtaylor@gmail.com
989,Ying Rodriguez,+380918113516,yinrodriguez@gmail.com
990,Lei White,+380933782545,leiwhite@gmail.com
991,Sri Brown,+380719327202,sribrown@gmail.com
992,Anita Gonzalez,+380853635490,anigonzalez@gmail.com
993,Ling Thomas,+380954675979,linthomas@gmail.com
994,Rosa Clark,+380682497954,rosclark@gmail.com
995,Daniel Thomas,+380934374493,danthomas@gmail.com
996,Anita Jones,+380711507315,anijones@gmail.com
997,Mohammed Jones,+380958191526,mohjones@gmail.com
998,Rosa Harris,+380801701613,rosharris@gmail.com
999,Wei Hernandez,+380822736742,weihernandez@gmail.com
1000,Paul Martin,+380856932074,paumartin@gmail.com
